lead_id,booked_call,showed_up,time_to_first_contact_mins,follow_up_attempts
L-10000,True,True,88,8
L-10001,True,True,31,5
L-10002,False,False,19,6
L-10003,True,True,86,11
L-10004,False,False,74,11
L-10005,False,False,57,4
L-10006,False,False,24,3
L-10007,True,True,66,8
L-10008,True,True,4,9
L-10009,True,True,47,1
L-10010,False,False,43,1
L-10011,True,False,31,2
L-10012,True,False,28,10
L-10013,True,False,1,2
L-10014,False,False,19,5
L-10015,True,False,4,1
L-10016,False,False,45,5
L-10017,False,False,44,10
L-10018,False,False,9,5
L-10019,True,False,68,6
L-10020,False,False,30,3
L-10021,False,False,73,11
L-10022,False,False,17,1
L-10023,True,True,12,1
L-10024,True,True,62,5
L-10025,False,False,62,8
L-10026,False,False,1,4
L-10027,False,False,24,6
L-10028,True,True,96,2
L-10029,True,False,0,11
L-10030,False,False,6,3
L-10031,False,False,78,1
L-10032,False,False,22,3
L-10033,True,True,87,6
L-10034,False,False,54,9
L-10035,False,False,16,11
L-10036,True,False,92,11
L-10037,True,True,34,6
L-10038,False,False,11,10
L-10039,False,False,35,8
L-10040,True,True,24,1
L-10041,False,False,163,6
L-10042,True,True,1,4
L-10043,False,False,69,6
L-10044,True,False,102,6
L-10045,False,False,4,3
L-10046,True,False,10,1
L-10047,False,False,14,5
L-10048,False,False,23,6
L-10049,True,True,251,9
L-10050,True,False,27,11
L-10051,True,True,64,6
L-10052,False,False,43,4
L-10053,False,False,2,2
L-10054,True,True,9,9
L-10055,False,False,121,2
L-10056,False,False,58,7
L-10057,False,False,6,11
L-10058,True,True,113,4
L-10059,True,True,8,11
L-10060,True,True,14,6
L-10061,True,True,74,5
L-10062,True,False,8,2
L-10063,False,False,18,3
L-10064,True,True,44,11
L-10065,False,False,65,6
L-10066,False,False,27,11
L-10067,True,True,48,3
L-10068,False,False,14,6
L-10069,False,False,32,8
L-10070,True,True,72,5
L-10071,False,False,138,9
L-10072,False,False,96,9
L-10073,True,True,20,7
L-10074,False,False,30,6
L-10075,False,False,53,8
L-10076,True,True,85,3
L-10077,True,False,2,2
L-10078,True,True,42,1
L-10079,True,True,1,9
L-10080,False,False,0,10
L-10081,True,False,120,4
L-10082,True,True,31,5
L-10083,False,False,20,6
L-10084,True,True,9,6
L-10085,True,True,153,6
L-10086,False,False,26,5
L-10087,False,False,31,11
L-10088,False,False,12,8
L-10089,True,True,103,11
L-10090,False,False,120,10
L-10091,False,False,40,5
L-10092,True,True,7,3
L-10093,True,False,9,2
L-10094,False,False,10,10
L-10095,False,False,44,4
L-10096,True,True,23,7
L-10097,False,False,46,7
L-10098,True,True,31,1
L-10099,True,False,21,6
L-10100,True,True,24,7
L-10101,True,True,26,7
L-10102,False,False,15,7
L-10103,False,False,32,6
L-10104,False,False,12,6
L-10105,False,False,9,4
L-10106,False,False,20,6
L-10107,False,False,51,1
L-10108,True,False,61,11
L-10109,True,True,19,8
L-10110,False,False,145,6
L-10111,False,False,14,8
L-10112,False,False,52,11
L-10113,True,True,43,1
L-10114,True,False,19,9
L-10115,False,False,55,3
L-10116,True,False,6,11
L-10117,False,False,9,10
L-10118,True,True,51,10
L-10119,False,False,6,1
L-10120,False,False,19,10
L-10121,False,False,52,4
L-10122,True,True,96,4
L-10123,False,False,6,3
L-10124,False,False,25,5
L-10125,False,False,86,8
L-10126,True,True,9,3
L-10127,False,False,3,10
L-10128,False,False,45,1
L-10129,True,True,25,4
L-10130,True,True,17,3
L-10131,True,True,159,4
L-10132,True,False,108,11
L-10133,False,False,11,2
L-10134,False,False,8,11
L-10135,False,False,6,2
L-10136,True,True,79,1
L-10137,False,False,81,2
L-10138,True,True,82,9
L-10139,False,False,128,10
L-10140,False,False,31,11
L-10141,True,True,7,11
L-10142,True,True,36,5
L-10143,False,False,2,11
L-10144,False,False,4,4
L-10145,True,True,12,5
L-10146,False,False,53,2
L-10147,False,False,5,9
L-10148,True,True,73,10
L-10149,True,False,78,9
L-10150,True,False,32,4
L-10151,False,False,125,9
L-10152,False,False,36,8
L-10153,False,False,5,10
L-10154,True,True,26,4
L-10155,False,False,88,6
L-10156,False,False,11,10
L-10157,True,True,15,8
L-10158,True,False,9,5
L-10159,True,True,82,1
L-10160,False,False,27,3
L-10161,False,False,100,7
L-10162,True,True,164,7
L-10163,False,False,19,8
L-10164,False,False,91,5
L-10165,True,True,2,3
L-10166,False,False,59,2
L-10167,False,False,50,8
L-10168,False,False,71,8
L-10169,True,True,12,4
L-10170,False,False,48,9
L-10171,False,False,39,1
L-10172,False,False,104,8
L-10173,False,False,20,2
L-10174,True,True,28,5
L-10175,True,True,92,5
L-10176,False,False,17,6
L-10177,False,False,80,10
L-10178,True,False,23,11
L-10179,True,False,24,10
L-10180,True,False,48,1
L-10181,True,True,19,4
L-10182,False,False,105,2
L-10183,False,False,11,2
L-10184,True,True,29,1
L-10185,False,False,23,8
L-10186,True,True,10,5
L-10187,True,True,8,5
L-10188,False,False,45,1
L-10189,True,True,5,3
L-10190,False,False,24,1
L-10191,True,False,63,6
L-10192,True,False,49,7
L-10193,False,False,54,6
L-10194,True,True,13,1
L-10195,True,False,96,4
L-10196,False,False,83,8
L-10197,False,False,175,11
L-10198,False,False,23,6
L-10199,True,True,56,7
L-10200,True,True,76,7
L-10201,False,False,1,10
L-10202,True,True,12,5
L-10203,False,False,42,9
L-10204,False,False,15,6
L-10205,False,False,14,6
L-10206,True,True,145,9
L-10207,True,True,48,9
L-10208,False,False,2,3
L-10209,True,True,118,3
L-10210,True,True,37,4
L-10211,True,True,17,2
L-10212,True,False,56,8
L-10213,False,False,24,4
L-10214,False,False,7,3
L-10215,False,False,141,5
L-10216,False,False,56,7
L-10217,True,True,98,7
L-10218,False,False,11,11
L-10219,True,True,52,3
L-10220,True,True,28,1
L-10221,True,False,61,7
L-10222,False,False,5,7
L-10223,False,False,12,9
L-10224,True,True,124,7
L-10225,False,False,68,9
L-10226,False,False,1,8
L-10227,False,False,1,8
L-10228,False,False,68,10
L-10229,True,True,10,10
L-10230,False,False,91,5
L-10231,False,False,0,4
L-10232,False,False,9,1
L-10233,False,False,66,3
L-10234,False,False,35,1
L-10235,False,False,8,9
L-10236,False,False,23,5
L-10237,False,False,3,6
L-10238,False,False,87,2
L-10239,True,True,379,11
L-10240,True,True,140,7
L-10241,True,False,3,3
L-10242,True,True,2,11
L-10243,False,False,7,5
L-10244,False,False,47,9
L-10245,True,True,67,9
L-10246,True,True,19,1
L-10247,True,False,7,7
L-10248,False,False,36,8
L-10249,False,False,2,1
L-10250,True,True,60,1
L-10251,True,True,1,6
L-10252,True,False,60,11
L-10253,True,False,18,4
L-10254,True,False,64,5
L-10255,True,True,22,10
L-10256,True,True,43,6
L-10257,True,False,10,8
L-10258,True,True,95,10
L-10259,True,False,21,8
L-10260,False,False,218,6
L-10261,True,True,9,2
L-10262,True,False,48,9
L-10263,True,False,54,3
L-10264,True,True,15,6
L-10265,False,False,22,6
L-10266,False,False,41,10
L-10267,False,False,26,9
L-10268,False,False,22,5
L-10269,False,False,6,9
L-10270,True,True,8,1
L-10271,False,False,78,9
L-10272,False,False,20,3
L-10273,False,False,1,3
L-10274,False,False,38,8
L-10275,True,True,30,7
L-10276,False,False,29,9
L-10277,False,False,13,8
L-10278,True,True,5,9
L-10279,False,False,12,11
L-10280,False,False,42,9
L-10281,True,True,0,4
L-10282,False,False,11,1
L-10283,False,False,15,1
L-10284,False,False,8,9
L-10285,False,False,16,10
L-10286,True,False,34,11
L-10287,False,False,7,9
L-10288,False,False,19,6
L-10289,False,False,6,2
L-10290,True,False,7,8
L-10291,True,True,98,5
L-10292,True,True,13,7
L-10293,True,True,79,2
L-10294,False,False,2,9
L-10295,True,True,118,3
L-10296,True,False,31,11
L-10297,True,False,70,9
L-10298,True,False,32,9
L-10299,True,True,53,7
L-10300,True,True,76,4
L-10301,False,False,24,4
L-10302,False,False,10,2
L-10303,True,False,68,5
L-10304,True,True,3,7
L-10305,True,False,25,6
L-10306,False,False,77,1
L-10307,False,False,11,7
L-10308,False,False,4,5
L-10309,True,True,63,8
L-10310,False,False,117,7
L-10311,True,True,6,11
L-10312,False,False,25,9
L-10313,True,True,40,1
L-10314,True,True,27,10
L-10315,True,True,89,1
L-10316,True,True,206,2
L-10317,False,False,34,2
L-10318,True,False,11,6
L-10319,False,False,61,3
L-10320,False,False,26,10
L-10321,True,False,31,4
L-10322,False,False,39,10
L-10323,False,False,219,2
L-10324,False,False,138,2
L-10325,False,False,4,6
L-10326,False,False,20,9
L-10327,True,True,55,5
L-10328,False,False,36,11
L-10329,False,False,41,3
L-10330,True,False,14,5
L-10331,False,False,88,9
L-10332,True,True,59,5
L-10333,False,False,4,4
L-10334,False,False,45,9
L-10335,False,False,17,8
L-10336,False,False,6,9
L-10337,False,False,15,6
L-10338,True,True,16,8
L-10339,False,False,52,11
L-10340,False,False,6,11
L-10341,True,False,13,9
L-10342,False,False,112,3
L-10343,True,True,8,6
L-10344,True,True,8,11
L-10345,False,False,0,10
L-10346,True,True,45,10
L-10347,False,False,59,8
L-10348,False,False,12,5
L-10349,False,False,46,9
L-10350,True,True,14,5
L-10351,False,False,13,7
L-10352,False,False,13,5
L-10353,False,False,19,9
L-10354,False,False,15,8
L-10355,True,False,66,11
L-10356,False,False,47,3
L-10357,False,False,41,7
L-10358,False,False,8,9
L-10359,True,True,19,9
L-10360,False,False,6,6
L-10361,False,False,92,5
L-10362,True,False,95,9
L-10363,True,False,53,2
L-10364,False,False,81,10
L-10365,False,False,41,10
L-10366,False,False,73,3
L-10367,True,False,15,5
L-10368,True,True,28,4
L-10369,False,False,154,3
L-10370,False,False,59,1
L-10371,True,False,88,10
L-10372,True,False,141,4
L-10373,False,False,56,9
L-10374,False,False,69,6
L-10375,False,False,41,8
L-10376,False,False,73,4
L-10377,True,True,82,1
L-10378,True,False,128,2
L-10379,False,False,75,1
L-10380,True,True,19,6
L-10381,True,True,95,2
L-10382,False,False,34,10
L-10383,False,False,67,1
L-10384,False,False,198,8
L-10385,True,True,147,6
L-10386,True,True,126,9
L-10387,True,True,96,3
L-10388,True,True,11,1
L-10389,True,False,56,9
L-10390,False,False,127,11
L-10391,True,True,19,11
L-10392,False,False,4,5
L-10393,False,False,10,5
L-10394,False,False,24,6
L-10395,False,False,1,10
L-10396,False,False,5,5
L-10397,True,True,142,4
L-10398,True,True,47,2
L-10399,True,False,9,1
L-10400,False,False,44,2
L-10401,False,False,5,4
L-10402,True,False,57,7
L-10403,False,False,11,5
L-10404,False,False,4,6
L-10405,True,False,89,10
L-10406,True,True,176,1
L-10407,False,False,35,11
L-10408,True,True,18,5
L-10409,False,False,18,5
L-10410,False,False,6,4
L-10411,True,True,4,8
L-10412,False,False,23,4
L-10413,False,False,0,4
L-10414,True,False,19,10
L-10415,False,False,9,1
L-10416,True,True,57,2
L-10417,True,True,2,10
L-10418,False,False,7,5
L-10419,True,True,12,11
L-10420,False,False,23,1
L-10421,True,False,19,10
L-10422,False,False,51,10
L-10423,True,True,106,5
L-10424,True,True,10,11
L-10425,False,False,88,2
L-10426,False,False,26,1
L-10427,True,False,188,2
L-10428,False,False,13,10
L-10429,False,False,31,8
L-10430,False,False,76,6
L-10431,False,False,45,2
L-10432,False,False,70,8
L-10433,False,False,81,5
L-10434,False,False,24,2
L-10435,False,False,26,7
L-10436,True,False,44,5
L-10437,True,False,4,11
L-10438,True,False,60,10
L-10439,False,False,24,10
L-10440,True,True,34,5
L-10441,True,False,24,3
L-10442,False,False,44,5
L-10443,True,True,2,4
L-10444,True,True,20,7
L-10445,False,False,35,10
L-10446,False,False,36,3
L-10447,False,False,40,7
L-10448,False,False,16,3
L-10449,False,False,107,3
L-10450,False,False,57,8
L-10451,False,False,56,6
L-10452,False,False,9,9
L-10453,False,False,27,7
L-10454,True,False,119,9
L-10455,True,False,42,9
L-10456,False,False,67,7
L-10457,True,False,30,9
L-10458,True,True,21,2
L-10459,False,False,2,2
L-10460,True,False,13,5
L-10461,False,False,13,3
L-10462,False,False,37,6
L-10463,True,False,185,4
L-10464,False,False,143,8
L-10465,False,False,26,10
L-10466,False,False,27,2
L-10467,True,True,14,3
L-10468,False,False,116,11
L-10469,False,False,137,8
L-10470,True,True,24,5
L-10471,False,False,72,3
L-10472,False,False,22,1
L-10473,False,False,48,8
L-10474,False,False,43,8
L-10475,False,False,106,6
L-10476,False,False,11,1
L-10477,True,True,5,1
L-10478,False,False,34,7
L-10479,True,True,97,5
L-10480,False,False,34,6
L-10481,True,True,20,2
L-10482,True,True,6,8
L-10483,False,False,101,5
L-10484,True,False,12,11
L-10485,False,False,13,9
L-10486,True,True,57,8
L-10487,False,False,12,10
L-10488,True,True,29,8
L-10489,True,True,38,9
L-10490,False,False,22,11
L-10491,True,True,236,4
L-10492,False,False,194,7
L-10493,False,False,150,2
L-10494,False,False,4,9
L-10495,False,False,44,4
L-10496,False,False,24,6
L-10497,True,True,13,9
L-10498,True,True,37,4
L-10499,False,False,29,7
L-10500,True,True,18,7
L-10501,True,True,52,8
L-10502,True,False,9,10
L-10503,True,True,14,6
L-10504,False,False,0,3
L-10505,False,False,48,1
L-10506,False,False,5,10
L-10507,True,False,102,10
L-10508,True,True,18,7
L-10509,False,False,112,4
L-10510,True,True,1,2
L-10511,False,False,2,8
L-10512,False,False,26,10
L-10513,False,False,4,7
L-10514,False,False,13,6
L-10515,True,True,18,11
L-10516,False,False,70,9
L-10517,False,False,24,3
L-10518,False,False,17,3
L-10519,False,False,13,1
L-10520,False,False,57,3
L-10521,True,False,14,4
L-10522,True,True,39,2
L-10523,False,False,5,8
L-10524,False,False,27,3
L-10525,False,False,114,1
L-10526,False,False,69,10
L-10527,False,False,10,1
L-10528,False,False,59,6
L-10529,False,False,6,6
L-10530,True,True,1,10
L-10531,False,False,3,10
L-10532,True,True,19,6
L-10533,True,True,24,7
L-10534,False,False,20,11
L-10535,False,False,16,3
L-10536,False,False,34,8
L-10537,False,False,4,3
L-10538,False,False,87,5
L-10539,True,True,5,6
L-10540,False,False,42,8
L-10541,True,True,94,10
L-10542,False,False,43,4
L-10543,True,False,44,10
L-10544,True,True,1,7
L-10545,True,True,31,1
L-10546,False,False,27,8
L-10547,True,True,6,10
L-10548,True,True,6,6
L-10549,False,False,176,3
L-10550,False,False,29,11
L-10551,False,False,6,3
L-10552,True,False,19,7
L-10553,False,False,16,2
L-10554,True,True,21,11
L-10555,False,False,41,8
L-10556,False,False,91,1
L-10557,False,False,12,11
L-10558,False,False,11,2
L-10559,True,False,14,4
L-10560,True,True,9,1
L-10561,True,True,2,11
L-10562,False,False,0,4
L-10563,True,True,19,9
L-10564,False,False,51,7
L-10565,False,False,66,11
L-10566,False,False,7,3
L-10567,True,True,74,10
L-10568,False,False,112,5
L-10569,False,False,25,9
L-10570,False,False,51,10
L-10571,False,False,11,4
L-10572,True,True,64,1
L-10573,True,False,40,2
L-10574,False,False,17,2
L-10575,False,False,11,3
L-10576,False,False,49,2
L-10577,False,False,17,7
L-10578,True,False,103,4
L-10579,False,False,35,1
L-10580,True,True,20,6
L-10581,False,False,96,5
L-10582,False,False,72,9
L-10583,False,False,76,7
L-10584,False,False,51,8
L-10585,False,False,33,8
L-10586,False,False,19,7
L-10587,False,False,33,9
L-10588,True,True,91,6
L-10589,True,False,64,2
L-10590,True,True,19,11
L-10591,False,False,8,3
L-10592,False,False,8,2
L-10593,False,False,11,6
L-10594,True,False,52,6
L-10595,False,False,1,7
L-10596,False,False,26,11
L-10597,False,False,33,10
L-10598,False,False,7,7
L-10599,True,True,6,2
L-10600,False,False,171,2
L-10601,False,False,4,7
L-10602,False,False,78,3
L-10603,True,True,84,1
L-10604,False,False,27,9
L-10605,True,False,88,10
L-10606,True,False,28,3
L-10607,True,False,33,9
L-10608,False,False,72,5
L-10609,False,False,237,9
L-10610,False,False,22,10
L-10611,False,False,43,2
L-10612,False,False,19,5
L-10613,False,False,55,2
L-10614,False,False,93,10
L-10615,False,False,35,10
L-10616,True,True,9,8
L-10617,False,False,54,7
L-10618,True,True,64,8
L-10619,False,False,35,7
L-10620,True,True,13,5
L-10621,True,True,13,9
L-10622,False,False,37,10
L-10623,False,False,1,1
L-10624,True,False,71,5
L-10625,True,True,77,10
L-10626,True,False,49,8
L-10627,False,False,49,11
L-10628,True,False,15,11
L-10629,False,False,108,4
L-10630,False,False,42,4
L-10631,False,False,1,10
L-10632,False,False,1,4
L-10633,True,True,26,6
L-10634,False,False,16,1
L-10635,True,True,92,8
L-10636,True,False,57,7
L-10637,True,True,3,6
L-10638,False,False,6,1
L-10639,True,True,50,10
L-10640,True,False,43,8
L-10641,False,False,2,4
L-10642,True,False,76,6
L-10643,True,True,28,7
L-10644,False,False,77,4
L-10645,False,False,187,8
L-10646,True,False,20,7
L-10647,False,False,74,7
L-10648,False,False,16,2
L-10649,False,False,15,6
L-10650,False,False,54,2
L-10651,True,False,71,4
L-10652,False,False,9,9
L-10653,True,True,13,1
L-10654,True,False,2,1
L-10655,False,False,26,2
L-10656,False,False,29,6
L-10657,False,False,32,3
L-10658,False,False,10,4
L-10659,True,False,37,2
L-10660,True,True,2,2
L-10661,False,False,13,6
L-10662,False,False,3,4
L-10663,False,False,48,10
L-10664,True,False,99,6
L-10665,True,True,4,9
L-10666,False,False,27,11
L-10667,True,False,71,3
L-10668,False,False,27,5
L-10669,False,False,5,6
L-10670,False,False,41,9
L-10671,False,False,132,4
L-10672,True,True,24,10
L-10673,False,False,12,10
L-10674,True,True,39,3
L-10675,False,False,21,11
L-10676,False,False,10,8
L-10677,True,False,36,4
L-10678,False,False,18,6
L-10679,False,False,6,8
L-10680,False,False,81,1
L-10681,False,False,47,9
L-10682,False,False,49,3
L-10683,False,False,62,10
L-10684,True,False,25,6
L-10685,False,False,4,8
L-10686,False,False,36,1
L-10687,True,True,108,11
L-10688,True,True,33,1
L-10689,True,True,30,6
L-10690,False,False,88,6
L-10691,False,False,118,5
L-10692,True,True,32,1
L-10693,False,False,1,9
L-10694,False,False,21,1
L-10695,False,False,10,3
L-10696,True,True,177,5
L-10697,True,False,18,7
L-10698,True,True,65,8
L-10699,False,False,55,3
L-10700,True,True,30,2
L-10701,False,False,42,8
L-10702,False,False,4,11
L-10703,False,False,5,10
L-10704,True,True,96,8
L-10705,True,True,56,5
L-10706,False,False,36,10
L-10707,True,True,0,6
L-10708,False,False,93,9
L-10709,False,False,29,2
L-10710,False,False,3,3
L-10711,False,False,6,2
L-10712,False,False,51,4
L-10713,True,True,96,3
L-10714,True,False,61,4
L-10715,True,True,131,6
L-10716,True,True,136,8
L-10717,False,False,216,3
L-10718,True,False,29,11
L-10719,False,False,5,2
L-10720,True,True,69,1
L-10721,True,True,129,11
L-10722,False,False,111,5
L-10723,True,False,130,7
L-10724,False,False,58,11
L-10725,True,True,5,2
L-10726,False,False,11,4
L-10727,True,True,59,1
L-10728,False,False,19,1
L-10729,False,False,2,10
L-10730,True,True,4,6
L-10731,False,False,21,8
L-10732,False,False,104,7
L-10733,False,False,63,10
L-10734,False,False,3,5
L-10735,True,True,3,2
L-10736,False,False,90,4
L-10737,True,True,45,8
L-10738,False,False,29,2
L-10739,True,False,43,2
L-10740,True,False,14,6
L-10741,False,False,68,6
L-10742,False,False,27,2
L-10743,False,False,3,11
L-10744,False,False,86,5
L-10745,False,False,12,11
L-10746,False,False,103,3
L-10747,False,False,53,11
L-10748,False,False,28,3
L-10749,False,False,119,4
L-10750,False,False,0,10
L-10751,False,False,27,1
L-10752,True,True,34,9
L-10753,True,True,31,11
L-10754,True,True,130,7
L-10755,True,True,43,8
L-10756,False,False,28,6
L-10757,False,False,158,2
L-10758,False,False,56,3
L-10759,False,False,119,2
L-10760,True,True,62,5
L-10761,False,False,25,11
L-10762,True,True,14,1
L-10763,True,True,38,1
L-10764,False,False,103,9
L-10765,True,True,45,11
L-10766,False,False,19,3
L-10767,True,True,19,10
L-10768,False,False,6,10
L-10769,False,False,14,2
L-10770,True,True,42,7
L-10771,True,True,37,9
L-10772,True,True,34,7
L-10773,False,False,10,4
L-10774,False,False,15,11
L-10775,False,False,73,9
L-10776,True,True,3,9
L-10777,True,True,38,1
L-10778,False,False,5,8
L-10779,False,False,18,8
L-10780,False,False,8,6
L-10781,True,False,53,9
L-10782,True,True,88,9
L-10783,False,False,9,11
L-10784,True,True,147,4
L-10785,True,True,30,4
L-10786,False,False,28,8
L-10787,False,False,73,2
L-10788,True,True,20,6
L-10789,True,True,149,3
L-10790,False,False,66,4
L-10791,True,True,309,11
L-10792,True,False,40,1
L-10793,True,True,62,7
L-10794,False,False,52,2
L-10795,False,False,93,8
L-10796,True,True,1,9
L-10797,True,True,7,3
L-10798,True,True,68,9
L-10799,True,True,23,7
L-10800,True,False,33,7
L-10801,False,False,90,5
L-10802,True,True,136,4
L-10803,True,False,61,7
L-10804,False,False,1,9
L-10805,False,False,90,11
L-10806,True,False,71,9
L-10807,True,True,49,2
L-10808,False,False,44,4
L-10809,True,False,92,8
L-10810,True,True,7,2
L-10811,False,False,46,10
L-10812,True,True,19,9
L-10813,False,False,11,2
L-10814,False,False,80,4
L-10815,True,False,92,3
L-10816,True,True,50,2
L-10817,True,True,56,7
L-10818,True,True,43,7
L-10819,False,False,70,9
L-10820,False,False,100,11
L-10821,False,False,1,10
L-10822,False,False,112,3
L-10823,False,False,4,9
L-10824,True,False,37,5
L-10825,False,False,107,9
L-10826,True,False,9,2
L-10827,False,False,45,5
L-10828,False,False,36,10
L-10829,True,True,84,3
L-10830,False,False,94,10
L-10831,True,True,34,8
L-10832,False,False,74,6
L-10833,False,False,15,11
L-10834,False,False,79,1
L-10835,False,False,26,7
L-10836,True,True,44,9
L-10837,True,True,4,5
L-10838,False,False,5,9
L-10839,False,False,3,3
L-10840,True,True,18,4
L-10841,False,False,2,2
L-10842,False,False,47,1
L-10843,False,False,29,4
L-10844,True,False,26,5
L-10845,False,False,4,2
L-10846,True,True,58,4
L-10847,True,True,115,5
L-10848,True,True,59,7
L-10849,True,True,21,6
L-10850,True,False,59,7
L-10851,False,False,9,2
L-10852,True,True,19,3
L-10853,True,True,2,9
L-10854,True,True,74,11
L-10855,False,False,37,11
L-10856,False,False,94,10
L-10857,False,False,1,8
L-10858,True,True,25,10
L-10859,False,False,29,11
L-10860,True,True,50,3
L-10861,True,True,34,8
L-10862,False,False,81,1
L-10863,False,False,109,1
L-10864,False,False,26,8
L-10865,True,True,248,4
L-10866,False,False,89,11
L-10867,False,False,131,4
L-10868,False,False,145,3
L-10869,True,True,13,3
L-10870,True,True,68,10
L-10871,False,False,165,3
L-10872,False,False,2,3
L-10873,True,True,47,2
L-10874,False,False,293,5
L-10875,True,False,33,2
L-10876,False,False,70,2
L-10877,False,False,13,4
L-10878,True,True,57,5
L-10879,False,False,17,9
L-10880,True,False,6,6
L-10881,True,True,41,6
L-10882,False,False,14,10
L-10883,False,False,22,6
L-10884,False,False,194,6
L-10885,False,False,36,6
L-10886,False,False,20,9
L-10887,True,False,22,3
L-10888,True,True,120,4
L-10889,False,False,70,4
L-10890,False,False,46,8
L-10891,False,False,0,9
L-10892,False,False,72,6
L-10893,True,True,5,7
L-10894,True,False,44,2
L-10895,False,False,22,10
L-10896,False,False,54,4
L-10897,True,True,159,9
L-10898,True,False,87,1
L-10899,True,True,41,6
L-10900,True,True,21,7
L-10901,True,False,249,2
L-10902,False,False,15,9
L-10903,False,False,52,9
L-10904,False,False,25,5
L-10905,False,False,23,7
L-10906,False,False,29,2
L-10907,False,False,2,2
L-10908,False,False,29,2
L-10909,True,True,68,9
L-10910,True,True,13,8
L-10911,False,False,12,7
L-10912,False,False,0,3
L-10913,True,True,6,10
L-10914,False,False,38,7
L-10915,False,False,36,2
L-10916,True,True,16,7
L-10917,False,False,38,3
L-10918,True,True,33,2
L-10919,False,False,9,7
L-10920,False,False,31,3
L-10921,False,False,63,11
L-10922,False,False,26,1
L-10923,False,False,79,11
L-10924,False,False,2,10
L-10925,False,False,35,5
L-10926,True,True,127,5
L-10927,True,True,12,5
L-10928,True,True,46,7
L-10929,False,False,38,2
L-10930,True,False,6,4
L-10931,False,False,32,7
L-10932,True,True,159,7
L-10933,False,False,32,4
L-10934,False,False,14,9
L-10935,True,True,59,11
L-10936,True,True,14,10
L-10937,False,False,127,1
L-10938,False,False,3,8
L-10939,False,False,102,3
L-10940,True,True,17,1
L-10941,True,False,27,6
L-10942,False,False,10,6
L-10943,True,True,8,2
L-10944,True,True,12,5
L-10945,False,False,54,4
L-10946,False,False,69,10
L-10947,True,True,4,8
L-10948,False,False,33,9
L-10949,True,True,3,4
L-10950,True,True,28,10
L-10951,False,False,23,5
L-10952,False,False,81,10
L-10953,True,True,17,5
L-10954,True,True,41,11
L-10955,False,False,15,5
L-10956,True,True,47,5
L-10957,True,True,6,8
L-10958,True,True,35,7
L-10959,True,True,36,6
L-10960,False,False,89,2
L-10961,False,False,71,7
L-10962,False,False,20,11
L-10963,True,True,6,3
L-10964,False,False,20,8
L-10965,False,False,1,6
L-10966,True,False,20,9
L-10967,True,True,7,2
L-10968,True,False,8,5
L-10969,True,True,73,1
L-10970,True,False,94,9
L-10971,False,False,59,2
L-10972,True,False,49,1
L-10973,False,False,59,2
L-10974,True,True,22,7
L-10975,True,True,66,2
L-10976,False,False,27,11
L-10977,False,False,81,11
L-10978,True,False,49,7
L-10979,True,False,91,6
L-10980,True,True,45,3
L-10981,True,False,4,6
L-10982,True,True,80,1
L-10983,False,False,8,5
L-10984,False,False,107,10
L-10985,True,True,28,7
L-10986,False,False,79,4
L-10987,False,False,26,3
L-10988,False,False,1,2
L-10989,True,True,57,2
L-10990,False,False,31,6
L-10991,False,False,74,8
L-10992,True,True,1,6
L-10993,True,False,85,8
L-10994,True,True,15,2
L-10995,False,False,9,7
L-10996,True,True,38,3
L-10997,False,False,71,7
L-10998,False,False,126,2
L-10999,True,True,271,10
L-11000,False,False,83,5
L-11001,True,True,4,3
L-11002,True,True,74,11
L-11003,True,True,13,7
L-11004,False,False,116,10
L-11005,True,True,16,3
L-11006,True,True,47,3
L-11007,False,False,19,10
L-11008,True,False,37,8
L-11009,False,False,64,4
L-11010,True,True,8,8
L-11011,False,False,20,5
L-11012,False,False,42,7
L-11013,True,False,92,3
L-11014,False,False,39,5
L-11015,False,False,36,11
L-11016,True,True,19,11
L-11017,False,False,32,3
L-11018,True,True,23,1
L-11019,False,False,21,1
L-11020,False,False,21,9
L-11021,False,False,41,4
L-11022,True,True,83,2
L-11023,True,True,20,6
L-11024,False,False,13,5
L-11025,False,False,1,7
L-11026,False,False,104,4
L-11027,False,False,211,6
L-11028,True,True,15,2
L-11029,False,False,81,3
L-11030,False,False,43,2
L-11031,True,True,91,8
L-11032,True,False,1,7
L-11033,True,True,1,10
L-11034,True,True,90,1
L-11035,True,False,14,1
L-11036,False,False,0,4
L-11037,False,False,7,10
L-11038,False,False,54,8
L-11039,False,False,26,1
L-11040,True,True,56,7
L-11041,True,False,15,5
L-11042,False,False,72,4
L-11043,False,False,29,6
L-11044,False,False,55,8
L-11045,False,False,5,7
L-11046,True,True,16,10
L-11047,True,False,16,3
L-11048,False,False,2,7
L-11049,True,True,60,5
L-11050,False,False,12,7
L-11051,False,False,79,2
L-11052,False,False,77,7
L-11053,False,False,183,8
L-11054,False,False,218,3
L-11055,False,False,0,7
L-11056,False,False,7,6
L-11057,False,False,45,4
L-11058,True,True,24,10
L-11059,False,False,36,4
L-11060,False,False,9,6
L-11061,True,False,29,4
L-11062,True,True,6,9
L-11063,True,True,3,8
L-11064,True,True,41,11
L-11065,False,False,35,10
L-11066,True,True,13,3
L-11067,False,False,2,2
L-11068,True,True,67,3
L-11069,False,False,5,9
L-11070,True,True,233,3
L-11071,False,False,34,8
L-11072,False,False,128,5
L-11073,False,False,138,8
L-11074,True,True,4,2
L-11075,True,False,6,6
L-11076,True,True,58,3
L-11077,False,False,44,2
L-11078,False,False,31,7
L-11079,False,False,19,3
L-11080,False,False,212,10
L-11081,False,False,12,1
L-11082,True,True,52,2
L-11083,False,False,20,6
L-11084,False,False,78,9
L-11085,True,False,23,9
L-11086,True,True,93,4
L-11087,True,True,16,2
L-11088,False,False,48,10
L-11089,False,False,53,10
L-11090,False,False,46,3
L-11091,True,True,2,2
L-11092,True,True,37,6
L-11093,True,True,224,6
L-11094,True,False,46,4
L-11095,False,False,103,8
L-11096,False,False,116,2
L-11097,False,False,31,2
L-11098,False,False,143,10
L-11099,True,True,75,8
L-11100,False,False,26,8
L-11101,True,True,25,11
L-11102,False,False,15,11
L-11103,True,True,31,3
L-11104,False,False,46,3
L-11105,True,True,9,3
L-11106,False,False,14,5
L-11107,True,True,1,7
L-11108,False,False,6,3
L-11109,True,True,31,6
L-11110,True,True,108,1
L-11111,True,True,24,2
L-11112,True,True,78,3
L-11113,False,False,34,5
L-11114,True,True,80,1
L-11115,False,False,12,4
L-11116,False,False,51,3
L-11117,True,True,80,4
L-11118,True,False,24,7
L-11119,True,True,66,9
L-11120,True,False,30,2
L-11121,False,False,14,3
L-11122,False,False,30,5
L-11123,False,False,2,5
L-11124,False,False,48,4
L-11125,False,False,31,11
L-11126,False,False,13,1
L-11127,False,False,11,3
L-11128,True,True,38,3
L-11129,True,True,10,9
L-11130,True,True,2,10
L-11131,False,False,29,2
L-11132,False,False,26,9
L-11133,True,False,11,6
L-11134,False,False,5,2
L-11135,True,True,35,5
L-11136,True,True,4,1
L-11137,False,False,42,2
L-11138,False,False,47,8
L-11139,False,False,5,5
L-11140,True,True,23,10
L-11141,False,False,24,7
L-11142,True,True,47,7
L-11143,False,False,46,3
L-11144,True,True,10,2
L-11145,True,True,250,6
L-11146,False,False,4,11
L-11147,True,True,59,3
L-11148,False,False,27,9
L-11149,False,False,68,8
L-11150,False,False,36,9
L-11151,False,False,43,5
L-11152,False,False,111,9
L-11153,True,False,35,5
L-11154,True,True,29,6
L-11155,False,False,5,5
L-11156,False,False,89,9
L-11157,True,True,10,7
L-11158,True,True,27,9
L-11159,False,False,79,4
L-11160,False,False,100,2
L-11161,False,False,112,9
L-11162,False,False,46,5
L-11163,False,False,0,6
L-11164,True,True,85,1
L-11165,True,True,44,5
L-11166,True,True,2,3
L-11167,False,False,95,10
L-11168,False,False,145,5
L-11169,True,True,61,4
L-11170,True,True,0,5
L-11171,False,False,2,5
L-11172,True,False,71,10
L-11173,False,False,8,7
L-11174,False,False,21,11
L-11175,False,False,5,8
L-11176,False,False,13,11
L-11177,True,True,7,10
L-11178,True,True,25,10
L-11179,False,False,74,2
L-11180,False,False,107,7
L-11181,False,False,94,4
L-11182,True,True,24,6
L-11183,True,False,2,10
L-11184,False,False,61,2
L-11185,True,False,35,11
L-11186,True,True,2,2
L-11187,False,False,1,10
L-11188,True,True,118,11
L-11189,True,False,23,3
L-11190,False,False,63,6
L-11191,True,False,17,10
L-11192,False,False,66,6
L-11193,False,False,40,8
L-11194,False,False,37,9
L-11195,False,False,61,2
L-11196,False,False,19,3
L-11197,False,False,89,10
L-11198,False,False,7,5
L-11199,True,True,16,2
L-11200,True,True,6,2
L-11201,True,True,19,11
L-11202,True,True,8,8
L-11203,False,False,16,9
L-11204,False,False,12,1
L-11205,True,True,12,10
L-11206,False,False,38,4
L-11207,False,False,10,3
L-11208,True,False,40,6
L-11209,True,True,87,8
L-11210,True,True,39,2
L-11211,True,False,6,1
L-11212,False,False,7,9
L-11213,True,True,80,9
L-11214,True,True,0,4
L-11215,False,False,5,6
L-11216,False,False,7,7
L-11217,False,False,85,5
L-11218,True,True,15,8
L-11219,False,False,22,6
L-11220,True,False,60,1
L-11221,True,True,62,2
L-11222,False,False,12,9
L-11223,False,False,8,3
L-11224,False,False,12,10
L-11225,False,False,2,6
L-11226,False,False,20,3
L-11227,False,False,36,11
L-11228,False,False,1,11
L-11229,True,False,6,1
L-11230,True,True,45,5
L-11231,True,False,91,1
L-11232,True,True,13,5
L-11233,True,True,13,8
L-11234,False,False,32,2
L-11235,False,False,46,4
L-11236,True,True,18,7
L-11237,False,False,54,10
L-11238,False,False,70,9
L-11239,True,False,35,9
L-11240,True,False,22,2
L-11241,False,False,52,5
L-11242,False,False,44,11
L-11243,False,False,1,3
L-11244,True,True,108,6
L-11245,False,False,226,1
L-11246,True,True,23,3
L-11247,True,True,93,5
L-11248,True,True,0,10
L-11249,False,False,17,11
L-11250,False,False,16,10
L-11251,False,False,10,5
L-11252,False,False,117,6
L-11253,False,False,53,7
L-11254,False,False,55,3
L-11255,True,True,91,6
L-11256,True,True,50,5
L-11257,True,True,82,1
L-11258,True,False,62,2
L-11259,True,True,58,3
L-11260,False,False,132,9
L-11261,True,False,1,7
L-11262,True,True,83,2
L-11263,False,False,29,11
L-11264,False,False,15,9
L-11265,True,False,47,4
L-11266,False,False,32,3
L-11267,False,False,20,11
L-11268,True,True,32,9
L-11269,False,False,20,10
L-11270,False,False,89,5
L-11271,True,True,75,9
L-11272,False,False,36,5
L-11273,True,True,108,2
L-11274,False,False,19,5
L-11275,False,False,44,7
L-11276,True,False,12,1
L-11277,False,False,32,3
L-11278,True,True,6,4
L-11279,True,True,76,3
L-11280,True,True,23,9
L-11281,True,True,6,3
L-11282,True,True,3,7
L-11283,True,True,25,4
L-11284,True,False,8,7
L-11285,True,False,9,5
L-11286,True,False,69,9
L-11287,True,False,19,8
L-11288,False,False,7,9
L-11289,False,False,90,7
L-11290,True,True,27,5
L-11291,True,True,53,6
L-11292,True,False,153,7
L-11293,True,True,120,8
L-11294,False,False,116,2
L-11295,False,False,0,10
L-11296,False,False,37,6
L-11297,False,False,1,4
L-11298,True,True,7,11
L-11299,False,False,56,8
L-11300,False,False,0,11
L-11301,False,False,25,5
L-11302,True,True,143,3
L-11303,False,False,0,7
L-11304,True,False,10,5
L-11305,False,False,53,8
L-11306,False,False,0,10
L-11307,False,False,140,9
L-11308,False,False,98,10
L-11309,True,False,7,1
L-11310,True,False,1,7
L-11311,False,False,13,5
L-11312,True,False,66,9
L-11313,True,True,58,6
L-11314,True,False,24,5
L-11315,True,True,25,6
L-11316,True,True,2,8
L-11317,False,False,43,4
L-11318,False,False,131,4
L-11319,False,False,82,5
L-11320,True,False,19,11
L-11321,True,False,2,5
L-11322,True,False,14,10
L-11323,False,False,17,9
L-11324,True,True,8,6
L-11325,False,False,50,3
L-11326,True,False,15,6
L-11327,True,True,23,9
L-11328,False,False,6,8
L-11329,False,False,1,6
L-11330,True,True,84,9
L-11331,True,True,33,3
L-11332,False,False,37,2
L-11333,True,False,197,7
L-11334,False,False,65,11
L-11335,True,True,24,10
L-11336,True,True,7,10
L-11337,True,True,20,2
L-11338,True,True,18,3
L-11339,True,True,31,6
L-11340,True,True,119,3
L-11341,True,True,73,7
L-11342,True,False,6,7
L-11343,False,False,67,6
L-11344,False,False,27,10
L-11345,True,True,26,6
L-11346,False,False,23,9
L-11347,True,True,11,3
L-11348,True,False,0,5
L-11349,False,False,4,3
L-11350,True,True,13,7
L-11351,False,False,5,2
L-11352,False,False,53,3
L-11353,False,False,26,6
L-11354,True,True,17,2
L-11355,False,False,14,2
L-11356,True,True,18,5
L-11357,True,True,101,10
L-11358,False,False,197,2
L-11359,True,True,84,9
L-11360,True,True,36,10
L-11361,True,False,37,6
L-11362,False,False,41,4
L-11363,True,True,12,6
L-11364,True,False,69,10
L-11365,False,False,77,1
L-11366,False,False,13,2
L-11367,False,False,102,6
L-11368,False,False,4,8
L-11369,True,True,11,7
L-11370,True,True,10,6
L-11371,True,True,112,8
L-11372,False,False,43,6
L-11373,False,False,80,9
L-11374,False,False,58,7
L-11375,True,True,20,4
L-11376,False,False,18,5
L-11377,False,False,86,6
L-11378,True,True,2,6
L-11379,False,False,130,3
L-11380,True,True,55,9
L-11381,True,True,68,9
L-11382,False,False,80,9
L-11383,False,False,23,3
L-11384,False,False,1,10
L-11385,True,True,11,2
L-11386,True,True,44,7
L-11387,True,True,165,6
L-11388,True,True,49,7
L-11389,False,False,15,9
L-11390,False,False,56,3
L-11391,True,True,68,1
L-11392,False,False,39,6
L-11393,True,True,121,6
L-11394,False,False,69,9
L-11395,True,True,37,11
L-11396,False,False,103,1
L-11397,False,False,17,3
L-11398,True,True,94,10
L-11399,True,True,14,11
L-11400,True,True,0,2
L-11401,False,False,39,9
L-11402,True,True,4,11
L-11403,False,False,117,2
L-11404,False,False,2,2
L-11405,False,False,229,5
L-11406,True,True,10,7
L-11407,False,False,51,11
L-11408,True,True,81,6
L-11409,True,False,7,1
L-11410,False,False,30,6
L-11411,False,False,64,1
L-11412,False,False,2,1
L-11413,True,True,69,6
L-11414,False,False,47,2
L-11415,False,False,41,7
L-11416,True,True,29,4
L-11417,True,True,75,7
L-11418,False,False,41,2
L-11419,True,True,72,11
L-11420,False,False,249,9
L-11421,False,False,37,10
L-11422,False,False,207,1
L-11423,True,False,2,3
L-11424,False,False,8,11
L-11425,False,False,42,2
L-11426,False,False,37,11
L-11427,False,False,37,5
L-11428,True,True,41,10
L-11429,True,True,31,7
L-11430,False,False,25,2
L-11431,True,False,94,5
L-11432,True,True,6,9
L-11433,True,True,41,5
L-11434,False,False,35,10
L-11435,True,True,47,11
L-11436,True,True,26,11
L-11437,True,True,67,9
L-11438,False,False,25,5
L-11439,True,True,6,8
L-11440,False,False,6,10
L-11441,True,True,28,9
L-11442,False,False,43,5
L-11443,False,False,143,11
L-11444,True,True,37,3
L-11445,False,False,13,3
L-11446,False,False,10,2
L-11447,True,True,62,2
L-11448,True,True,112,1
L-11449,True,True,4,11
L-11450,True,False,27,11
L-11451,True,False,31,9
L-11452,True,True,22,4
L-11453,True,True,43,1
L-11454,False,False,41,5
L-11455,False,False,1,5
L-11456,False,False,122,7
L-11457,False,False,81,4
L-11458,True,True,19,5
L-11459,True,False,28,5
L-11460,False,False,25,2
L-11461,True,True,46,4
L-11462,True,True,20,2
L-11463,False,False,20,10
L-11464,True,True,46,1
L-11465,False,False,122,10
L-11466,False,False,24,10
L-11467,True,True,8,8
L-11468,True,False,108,10
L-11469,True,True,276,4
L-11470,True,True,0,10
L-11471,False,False,0,1
L-11472,True,True,8,4
L-11473,False,False,1,8
L-11474,True,True,8,7
L-11475,False,False,51,11
L-11476,False,False,32,7
L-11477,True,True,23,3
L-11478,False,False,57,11
L-11479,False,False,84,9
L-11480,True,True,11,11
L-11481,True,False,12,10
L-11482,True,True,191,5
L-11483,True,False,5,8
L-11484,False,False,18,6
L-11485,True,True,82,7
L-11486,False,False,4,1
L-11487,False,False,7,3
L-11488,True,True,76,8
L-11489,False,False,13,6
L-11490,True,False,48,9
L-11491,False,False,2,6
L-11492,True,True,6,10
L-11493,False,False,1,8
L-11494,False,False,76,4
L-11495,True,True,3,11
L-11496,False,False,13,4
L-11497,True,True,43,4
L-11498,True,True,12,5
L-11499,True,True,40,1
L-11500,True,True,133,5
L-11501,False,False,1,1
L-11502,False,False,3,1
L-11503,False,False,23,11
L-11504,False,False,4,11
L-11505,False,False,8,11
L-11506,False,False,5,2
L-11507,True,False,15,2
L-11508,True,True,13,5
L-11509,False,False,22,3
L-11510,False,False,17,4
L-11511,True,True,36,11
L-11512,False,False,55,6
L-11513,False,False,117,5
L-11514,True,True,8,1
L-11515,False,False,62,6
L-11516,False,False,27,8
L-11517,False,False,34,4
L-11518,True,False,15,9
L-11519,True,True,22,4
L-11520,False,False,76,9
L-11521,True,True,3,1
L-11522,False,False,41,3
L-11523,True,True,41,5
L-11524,False,False,51,5
L-11525,True,False,7,11
L-11526,True,True,61,8
L-11527,True,True,15,8
L-11528,True,True,77,3
L-11529,True,False,10,9
L-11530,False,False,72,1
L-11531,False,False,2,8
L-11532,False,False,1,3
L-11533,True,False,63,11
L-11534,False,False,26,1
L-11535,True,False,33,1
L-11536,True,False,112,1
L-11537,False,False,65,9
L-11538,True,False,61,4
L-11539,False,False,30,2
L-11540,False,False,0,1
L-11541,True,False,14,1
L-11542,True,True,6,10
L-11543,True,True,8,11
L-11544,True,True,49,1
L-11545,False,False,85,6
L-11546,False,False,65,7
L-11547,False,False,13,3
L-11548,True,True,52,4
L-11549,True,False,3,6
L-11550,False,False,13,5
L-11551,False,False,18,1
L-11552,False,False,7,6
L-11553,False,False,15,5
L-11554,True,True,116,7
L-11555,True,False,24,4
L-11556,False,False,0,10
L-11557,False,False,1,7
L-11558,False,False,49,2
L-11559,True,True,117,10
L-11560,True,False,9,5
L-11561,False,False,132,9
L-11562,False,False,2,10
L-11563,True,True,70,8
L-11564,True,False,52,10
L-11565,True,True,49,11
L-11566,True,True,126,1
L-11567,True,True,16,10
L-11568,False,False,32,6
L-11569,False,False,10,7
L-11570,True,False,27,8
L-11571,True,True,11,4
L-11572,False,False,49,8
L-11573,False,False,18,4
L-11574,True,True,73,6
L-11575,False,False,118,5
L-11576,False,False,9,7
L-11577,True,True,22,5
L-11578,True,False,244,11
L-11579,False,False,5,9
L-11580,True,False,8,4
L-11581,False,False,2,3
L-11582,True,True,26,7
L-11583,False,False,104,1
L-11584,False,False,200,6
L-11585,False,False,99,11
L-11586,True,True,132,5
L-11587,True,True,85,3
L-11588,True,True,62,6
L-11589,True,True,22,5
L-11590,True,False,16,3
L-11591,False,False,5,9
L-11592,True,True,51,3
L-11593,True,True,43,4
L-11594,True,False,25,7
L-11595,True,False,167,1
L-11596,True,True,24,10
L-11597,False,False,51,11
L-11598,False,False,5,11
L-11599,True,False,49,3
L-11600,True,True,25,7
L-11601,False,False,100,4
L-11602,False,False,4,9
L-11603,False,False,20,1
L-11604,False,False,60,8
L-11605,False,False,20,5
L-11606,True,True,87,8
L-11607,False,False,32,11
L-11608,False,False,8,5
L-11609,False,False,6,7
L-11610,False,False,99,5
L-11611,False,False,15,6
L-11612,False,False,59,9
L-11613,True,True,73,9
L-11614,False,False,41,6
L-11615,False,False,20,5
L-11616,False,False,56,5
L-11617,False,False,167,11
L-11618,True,True,31,10
L-11619,True,True,75,4
L-11620,False,False,63,1
L-11621,False,False,48,8
L-11622,True,True,35,7
L-11623,False,False,43,3
L-11624,False,False,3,4
L-11625,True,False,76,8
L-11626,False,False,102,6
L-11627,True,True,50,1
L-11628,False,False,142,8
L-11629,False,False,13,8
L-11630,False,False,50,11
L-11631,False,False,113,4
L-11632,True,False,105,8
L-11633,False,False,33,1
L-11634,True,True,10,1
L-11635,False,False,19,7
L-11636,False,False,24,1
L-11637,False,False,77,1
L-11638,True,True,21,1
L-11639,True,True,9,7
L-11640,True,True,4,4
L-11641,False,False,86,9
L-11642,True,False,26,1
L-11643,False,False,31,8
L-11644,False,False,29,4
L-11645,True,True,24,4
L-11646,False,False,10,4
L-11647,False,False,13,6
L-11648,False,False,11,9
L-11649,False,False,49,9
L-11650,False,False,3,7
L-11651,True,True,8,8
L-11652,False,False,8,1
L-11653,False,False,17,1
L-11654,True,False,15,2
L-11655,True,True,33,8
L-11656,False,False,20,7
L-11657,False,False,43,11
L-11658,True,True,65,5
L-11659,False,False,111,11
L-11660,False,False,7,7
L-11661,True,False,29,6
L-11662,True,True,36,10
L-11663,False,False,78,6
L-11664,False,False,0,7
L-11665,False,False,112,10
L-11666,True,False,3,10
L-11667,False,False,60,4
L-11668,True,True,42,3
L-11669,False,False,33,8
L-11670,False,False,51,6
L-11671,False,False,13,1
L-11672,False,False,96,10
L-11673,True,False,16,8
L-11674,True,True,7,6
L-11675,False,False,13,3
L-11676,False,False,14,7
L-11677,True,True,29,11
L-11678,True,False,122,5
L-11679,False,False,34,3
L-11680,True,False,17,6
L-11681,False,False,62,7
L-11682,False,False,65,4
L-11683,True,True,34,7
L-11684,False,False,50,4
L-11685,False,False,68,6
L-11686,True,False,13,1
L-11687,True,True,16,11
L-11688,False,False,19,10
L-11689,True,True,3,1
L-11690,True,True,184,4
L-11691,True,True,20,11
L-11692,False,False,58,8
L-11693,False,False,100,3
L-11694,True,True,15,1
L-11695,False,False,77,3
L-11696,True,True,130,9
L-11697,False,False,27,8
L-11698,False,False,37,6
L-11699,True,True,24,1
L-11700,False,False,3,1
L-11701,False,False,18,8
L-11702,True,False,11,4
L-11703,False,False,1,5
L-11704,False,False,6,9
L-11705,False,False,41,4
L-11706,True,False,55,6
L-11707,True,True,62,2
L-11708,True,True,54,5
L-11709,False,False,11,4
L-11710,True,True,2,11
L-11711,False,False,3,10
L-11712,False,False,66,3
L-11713,False,False,9,2
L-11714,False,False,38,11
L-11715,False,False,293,5
L-11716,False,False,24,11
L-11717,False,False,28,6
L-11718,False,False,35,7
L-11719,False,False,9,2
L-11720,False,False,13,6
L-11721,False,False,8,6
L-11722,False,False,8,3
L-11723,True,True,40,6
L-11724,False,False,14,6
L-11725,True,True,58,7
L-11726,True,True,96,1
L-11727,False,False,15,9
L-11728,False,False,23,9
L-11729,False,False,66,6
L-11730,True,True,3,3
L-11731,False,False,14,8
L-11732,False,False,79,5
L-11733,False,False,79,9
L-11734,False,False,181,7
L-11735,False,False,44,4
L-11736,False,False,66,3
L-11737,True,False,46,4
L-11738,True,False,38,6
L-11739,False,False,100,7
L-11740,False,False,91,7
L-11741,False,False,29,5
L-11742,False,False,14,9
L-11743,True,True,45,6
L-11744,True,True,24,8
L-11745,False,False,103,4
L-11746,True,True,4,10
L-11747,True,True,48,7
L-11748,False,False,15,10
L-11749,True,True,7,3
L-11750,False,False,76,5
L-11751,True,True,32,6
L-11752,True,True,21,5
L-11753,False,False,67,10
L-11754,False,False,8,5
L-11755,False,False,45,3
L-11756,True,True,10,6
L-11757,True,True,52,8
L-11758,True,True,16,7
L-11759,True,True,189,7
L-11760,True,True,92,3
L-11761,True,False,92,11
L-11762,False,False,50,7
L-11763,False,False,11,4
L-11764,False,False,170,10
L-11765,False,False,147,4
L-11766,True,False,56,8
L-11767,True,True,5,4
L-11768,False,False,2,4
L-11769,True,True,1,9
L-11770,False,False,51,2
L-11771,False,False,19,6
L-11772,True,True,18,10
L-11773,True,False,11,10
L-11774,True,True,46,7
L-11775,True,True,11,7
L-11776,True,True,70,10
L-11777,False,False,3,8
L-11778,True,False,35,11
L-11779,False,False,7,10
L-11780,False,False,43,8
L-11781,True,True,24,1
L-11782,False,False,53,1
L-11783,True,True,26,5
L-11784,False,False,43,1
L-11785,False,False,20,11
L-11786,True,False,55,5
L-11787,False,False,58,3
L-11788,False,False,3,3
L-11789,False,False,30,2
L-11790,False,False,12,10
L-11791,True,True,15,5
L-11792,True,False,4,4
L-11793,True,True,15,6
L-11794,True,False,4,5
L-11795,False,False,60,4
L-11796,False,False,47,7
L-11797,True,True,174,10
L-11798,True,False,44,7
L-11799,True,True,25,9
L-11800,False,False,64,9
L-11801,False,False,91,3
L-11802,False,False,23,6
L-11803,False,False,24,8
L-11804,False,False,6,2
L-11805,False,False,67,1
L-11806,True,True,24,1
L-11807,True,True,64,3
L-11808,True,True,18,3
L-11809,False,False,30,7
L-11810,False,False,36,6
L-11811,False,False,1,9
L-11812,False,False,46,4
L-11813,True,False,175,7
L-11814,False,False,83,11
L-11815,False,False,101,9
L-11816,False,False,47,11
L-11817,False,False,14,3
L-11818,False,False,16,9
L-11819,True,True,200,1
L-11820,False,False,42,5
L-11821,False,False,3,4
L-11822,True,False,26,9
L-11823,False,False,88,10
L-11824,True,True,17,4
L-11825,True,True,23,10
L-11826,False,False,16,4
L-11827,True,True,8,3
L-11828,True,True,26,2
L-11829,True,True,39,11
L-11830,False,False,74,3
L-11831,False,False,3,11
L-11832,True,True,39,2
L-11833,False,False,32,7
L-11834,True,True,25,5
L-11835,False,False,26,4
L-11836,True,True,53,2
L-11837,False,False,83,4
L-11838,False,False,73,5
L-11839,False,False,36,11
L-11840,False,False,9,9
L-11841,False,False,50,3
L-11842,False,False,148,1
L-11843,True,True,67,7
L-11844,True,False,29,9
L-11845,False,False,61,2
L-11846,True,True,2,7
L-11847,False,False,1,9
L-11848,True,True,76,1
L-11849,True,False,5,4
L-11850,True,True,21,1
L-11851,False,False,46,8
L-11852,True,True,4,5
L-11853,True,True,61,7
L-11854,False,False,42,10
L-11855,False,False,133,3
L-11856,False,False,20,11
L-11857,True,True,0,4
L-11858,False,False,208,1
L-11859,False,False,17,3
L-11860,False,False,13,5
L-11861,False,False,23,6
L-11862,True,True,0,9
L-11863,True,True,19,7
L-11864,False,False,20,2
L-11865,False,False,14,11
L-11866,False,False,55,3
L-11867,True,True,59,8
L-11868,False,False,100,8
L-11869,False,False,34,10
L-11870,False,False,78,6
L-11871,True,True,58,10
L-11872,True,True,40,8
L-11873,False,False,6,7
L-11874,False,False,27,9
L-11875,True,True,86,10
L-11876,True,True,55,10
L-11877,False,False,26,11
L-11878,False,False,27,8
L-11879,True,False,1,10
L-11880,False,False,25,9
L-11881,True,True,136,7
L-11882,True,True,1,9
L-11883,False,False,34,7
L-11884,True,False,25,6
L-11885,True,False,49,7
L-11886,False,False,89,6
L-11887,True,True,17,3
L-11888,False,False,32,6
L-11889,True,True,173,1
L-11890,False,False,72,11
L-11891,False,False,24,9
L-11892,False,False,11,3
L-11893,True,False,7,3
L-11894,True,True,11,9
L-11895,True,True,40,6
L-11896,True,False,17,11
L-11897,True,True,9,3
L-11898,True,True,75,9
L-11899,True,True,25,8
L-11900,False,False,27,1
L-11901,False,False,7,8
L-11902,True,True,40,10
L-11903,True,True,79,8
L-11904,False,False,26,11
L-11905,False,False,9,9
L-11906,True,True,31,4
L-11907,True,True,17,8
L-11908,True,False,6,1
L-11909,True,True,23,7
L-11910,False,False,9,11
L-11911,False,False,60,4
L-11912,True,True,50,3
L-11913,False,False,52,8
L-11914,False,False,35,9
L-11915,False,False,45,2
L-11916,True,True,28,3
L-11917,False,False,65,8
L-11918,False,False,5,10
L-11919,True,True,2,9
L-11920,False,False,17,10
L-11921,False,False,138,6
L-11922,False,False,16,6
L-11923,False,False,50,8
L-11924,False,False,0,7
L-11925,False,False,51,2
L-11926,False,False,69,7
L-11927,False,False,46,7
L-11928,False,False,12,5
L-11929,True,True,20,7
L-11930,False,False,8,7
L-11931,False,False,17,4
L-11932,True,True,25,4
L-11933,True,False,11,4
L-11934,False,False,0,3
L-11935,True,False,37,11
L-11936,True,True,352,1
L-11937,False,False,79,9
L-11938,True,True,8,3
L-11939,False,False,16,6
L-11940,False,False,41,1
L-11941,True,True,2,4
L-11942,True,True,6,11
L-11943,False,False,56,4
L-11944,False,False,5,4
L-11945,True,True,64,2
L-11946,True,True,35,8
L-11947,True,False,30,8
L-11948,False,False,41,7
L-11949,True,False,30,6
L-11950,False,False,23,7
L-11951,True,True,29,1
L-11952,True,False,5,10
L-11953,False,False,12,11
L-11954,False,False,97,10
L-11955,False,False,56,7
L-11956,False,False,44,5
L-11957,False,False,51,11
L-11958,False,False,17,6
L-11959,False,False,18,11
L-11960,False,False,70,5
L-11961,True,True,54,9
L-11962,False,False,22,4
L-11963,True,True,34,8
L-11964,True,False,11,4
L-11965,True,False,61,2
L-11966,False,False,43,4
L-11967,True,True,16,7
L-11968,True,True,4,6
L-11969,False,False,0,7
L-11970,True,True,28,4
L-11971,True,True,124,7
L-11972,False,False,10,2
L-11973,True,True,143,3
L-11974,True,True,38,3
L-11975,False,False,45,11
L-11976,False,False,178,11
L-11977,True,True,113,9
L-11978,False,False,20,11
L-11979,False,False,7,5
L-11980,True,True,27,5
L-11981,False,False,83,4
L-11982,False,False,13,10
L-11983,True,True,37,6
L-11984,False,False,113,9
L-11985,False,False,10,3
L-11986,False,False,78,11
L-11987,True,True,28,7
L-11988,False,False,81,3
L-11989,True,True,113,9
L-11990,False,False,32,6
L-11991,True,False,63,6
L-11992,True,True,4,11
L-11993,False,False,105,1
L-11994,False,False,92,8
L-11995,True,False,1,10
L-11996,False,False,49,5
L-11997,True,True,0,11
L-11998,False,False,6,1
L-11999,True,False,56,6
L-12000,False,False,47,11
L-12001,False,False,31,11
L-12002,False,False,31,10
L-12003,True,False,70,3
L-12004,False,False,92,2
L-12005,False,False,16,8
L-12006,True,True,21,10
L-12007,True,False,20,9
L-12008,False,False,30,8
L-12009,False,False,15,2
L-12010,True,True,6,4
L-12011,False,False,8,3
L-12012,False,False,37,5
L-12013,False,False,42,8
L-12014,True,True,93,2
L-12015,True,False,1,9
L-12016,True,True,26,2
L-12017,True,True,25,11
L-12018,False,False,6,8
L-12019,False,False,67,5
L-12020,True,True,0,7
L-12021,True,True,1,4
L-12022,True,False,67,9
L-12023,True,True,119,6
L-12024,False,False,189,11
L-12025,True,True,0,10
L-12026,True,True,46,7
L-12027,True,True,33,8
L-12028,False,False,45,8
L-12029,True,False,105,7
L-12030,False,False,0,10
L-12031,False,False,82,7
L-12032,True,True,29,2
L-12033,False,False,83,3
L-12034,False,False,123,7
L-12035,False,False,20,8
L-12036,True,True,88,7
L-12037,False,False,25,11
L-12038,False,False,166,3
L-12039,False,False,16,4
L-12040,True,False,0,11
L-12041,False,False,92,3
L-12042,False,False,109,5
L-12043,True,True,40,8
L-12044,False,False,106,7
L-12045,False,False,21,11
L-12046,False,False,49,1
L-12047,True,False,12,7
L-12048,True,True,26,10
L-12049,False,False,57,3
L-12050,False,False,52,3
L-12051,False,False,53,5
L-12052,True,True,12,5
L-12053,False,False,48,9
L-12054,False,False,16,9
L-12055,False,False,57,8
L-12056,False,False,53,5
L-12057,True,True,58,5
L-12058,False,False,117,10
L-12059,False,False,1,1
L-12060,False,False,55,8
L-12061,True,True,16,2
L-12062,True,True,17,5
L-12063,True,True,96,10
L-12064,True,True,45,11
L-12065,False,False,45,11
L-12066,False,False,64,4
L-12067,True,False,8,10
L-12068,False,False,8,10
L-12069,True,False,90,1
L-12070,True,False,15,7
L-12071,True,True,23,8
L-12072,False,False,16,3
L-12073,True,False,27,4
L-12074,False,False,18,9
L-12075,False,False,32,3
L-12076,True,True,12,5
L-12077,True,True,78,8
L-12078,True,True,9,1
L-12079,True,False,68,1
L-12080,False,False,15,11
L-12081,True,True,15,2
L-12082,True,True,16,11
L-12083,True,False,90,6
L-12084,False,False,34,8
L-12085,True,True,60,2
L-12086,False,False,21,11
L-12087,False,False,39,10
L-12088,False,False,0,11
L-12089,False,False,34,10
L-12090,True,False,45,9
L-12091,False,False,44,4
L-12092,True,True,57,7
L-12093,True,True,87,11
L-12094,True,True,73,4
L-12095,True,True,42,7
L-12096,True,True,43,4
L-12097,False,False,132,6
L-12098,False,False,73,11
L-12099,False,False,6,11
L-12100,False,False,67,6
L-12101,False,False,102,10
L-12102,False,False,70,2
L-12103,False,False,31,5
L-12104,False,False,45,5
L-12105,False,False,29,6
L-12106,False,False,41,8
L-12107,False,False,10,6
L-12108,False,False,132,1
L-12109,False,False,88,2
L-12110,True,True,83,11
L-12111,False,False,73,8
L-12112,True,False,100,11
L-12113,False,False,62,5
L-12114,False,False,118,3
L-12115,False,False,81,9
L-12116,False,False,6,9
L-12117,True,True,11,2
L-12118,False,False,32,9
L-12119,False,False,48,10
L-12120,True,True,1,5
L-12121,False,False,21,1
L-12122,False,False,112,8
L-12123,True,False,18,9
L-12124,True,False,77,2
L-12125,True,True,12,1
L-12126,False,False,29,6
L-12127,False,False,66,5
L-12128,True,True,8,7
L-12129,False,False,27,3
L-12130,False,False,44,1
L-12131,False,False,51,3
L-12132,False,False,196,10
L-12133,True,True,99,3
L-12134,True,True,150,3
L-12135,True,True,19,11
L-12136,True,False,65,5
L-12137,False,False,2,7
L-12138,True,True,31,11
L-12139,False,False,30,9
L-12140,True,False,6,1
L-12141,True,True,46,3
L-12142,True,True,1,10
L-12143,True,True,25,9
L-12144,False,False,17,10
L-12145,True,True,75,6
L-12146,False,False,80,10
L-12147,True,True,15,10
L-12148,False,False,0,6
L-12149,False,False,83,2
L-12150,False,False,55,2
L-12151,False,False,9,4
L-12152,False,False,30,2
L-12153,False,False,88,5
L-12154,False,False,25,3
L-12155,True,True,7,9
L-12156,False,False,3,11
L-12157,True,True,15,1
L-12158,False,False,0,6
L-12159,False,False,3,10
L-12160,False,False,15,2
L-12161,False,False,70,11
L-12162,True,False,30,7
L-12163,False,False,10,6
L-12164,False,False,41,4
L-12165,False,False,26,10
L-12166,False,False,27,9
L-12167,False,False,86,1
L-12168,True,False,6,10
L-12169,True,True,53,1
L-12170,True,False,117,7
L-12171,True,True,2,8
L-12172,True,True,17,10
L-12173,True,True,66,8
L-12174,False,False,38,3
L-12175,False,False,101,8
L-12176,True,False,28,11
L-12177,True,True,34,7
L-12178,False,False,50,8
L-12179,False,False,1,7
L-12180,False,False,54,2
L-12181,True,True,16,5
L-12182,True,True,59,5
L-12183,False,False,10,8
L-12184,True,True,25,6
L-12185,False,False,19,5
L-12186,False,False,1,2
L-12187,False,False,85,4
L-12188,True,False,45,8
L-12189,False,False,45,1
L-12190,True,True,6,11
L-12191,False,False,11,8
L-12192,False,False,0,10
L-12193,True,False,48,6
L-12194,True,False,14,11
L-12195,True,False,97,9
L-12196,False,False,150,11
L-12197,True,False,21,1
L-12198,True,True,24,3
L-12199,True,True,10,4
L-12200,False,False,8,5
L-12201,True,False,37,3
L-12202,False,False,45,11
L-12203,False,False,35,6
L-12204,True,True,36,4
L-12205,True,True,25,9
L-12206,False,False,2,7
L-12207,True,True,49,6
L-12208,False,False,38,3
L-12209,False,False,28,4
L-12210,True,True,30,9
L-12211,True,True,8,11
L-12212,False,False,53,9
L-12213,True,True,11,7
L-12214,False,False,39,9
L-12215,False,False,32,8
L-12216,False,False,49,11
L-12217,False,False,24,7
L-12218,False,False,39,5
L-12219,True,False,192,4
L-12220,True,True,8,5
L-12221,True,False,191,7
L-12222,True,True,14,2
L-12223,False,False,47,2
L-12224,True,False,34,10
L-12225,True,False,156,8
L-12226,False,False,0,10
L-12227,True,True,105,8
L-12228,True,True,25,10
L-12229,False,False,10,7
L-12230,True,False,62,10
L-12231,True,True,33,3
L-12232,True,False,198,8
L-12233,False,False,56,2
L-12234,False,False,11,5
L-12235,False,False,84,10
L-12236,False,False,36,10
L-12237,True,True,8,1
L-12238,False,False,29,4
L-12239,True,True,9,6
L-12240,False,False,73,3
L-12241,False,False,8,5
L-12242,False,False,30,5
L-12243,True,True,55,11
L-12244,False,False,73,6
L-12245,True,True,9,1
L-12246,False,False,46,3
L-12247,False,False,120,11
L-12248,True,True,4,2
L-12249,True,True,25,1
L-12250,False,False,117,2
L-12251,False,False,42,7
L-12252,False,False,84,10
L-12253,False,False,56,7
L-12254,False,False,107,10
L-12255,True,True,57,3
L-12256,True,True,0,7
L-12257,False,False,3,6
L-12258,False,False,3,5
L-12259,True,True,3,6
L-12260,True,True,127,9
L-12261,False,False,71,8
L-12262,True,True,6,9
L-12263,False,False,0,1
L-12264,True,True,27,2
L-12265,True,True,5,3
L-12266,True,True,60,5
L-12267,False,False,23,11
L-12268,True,True,53,8
L-12269,False,False,27,4
L-12270,False,False,28,8
L-12271,False,False,35,11
L-12272,False,False,109,2
L-12273,True,False,4,1
L-12274,False,False,49,8
L-12275,False,False,1,1
L-12276,True,False,12,10
L-12277,False,False,62,7
L-12278,True,True,32,11
L-12279,True,True,9,1
L-12280,True,False,62,1
L-12281,False,False,14,8
L-12282,False,False,33,11
L-12283,False,False,57,4
L-12284,False,False,81,2
L-12285,True,True,14,10
L-12286,False,False,14,5
L-12287,False,False,7,4
L-12288,True,True,52,10
L-12289,False,False,105,3
L-12290,False,False,62,3
L-12291,True,True,56,4
L-12292,True,True,106,7
L-12293,True,False,107,7
L-12294,False,False,16,11
L-12295,True,False,194,10
L-12296,True,True,31,3
L-12297,False,False,65,6
L-12298,True,False,4,3
L-12299,False,False,68,3
L-12300,True,True,72,2
L-12301,False,False,20,9
L-12302,False,False,1,10
L-12303,False,False,13,5
L-12304,True,False,12,8
L-12305,False,False,26,2
L-12306,True,True,71,1
L-12307,True,True,32,6
L-12308,False,False,22,3
L-12309,False,False,78,11
L-12310,True,True,33,8
L-12311,True,True,57,2
L-12312,True,True,73,6
L-12313,False,False,15,5
L-12314,False,False,72,4
L-12315,False,False,1,3
L-12316,False,False,109,9
L-12317,True,True,111,5
L-12318,False,False,0,5
L-12319,True,True,7,6
L-12320,False,False,15,9
L-12321,False,False,64,11
L-12322,True,True,56,5
L-12323,True,True,39,3
L-12324,True,True,104,11
L-12325,False,False,38,11
L-12326,False,False,33,1
L-12327,False,False,0,2
L-12328,True,True,8,9
L-12329,True,True,49,4
L-12330,False,False,87,10
L-12331,False,False,16,5
L-12332,False,False,8,7
L-12333,True,True,2,7
L-12334,False,False,35,9
L-12335,False,False,54,9
L-12336,True,False,56,6
L-12337,False,False,24,9
L-12338,False,False,54,1
L-12339,True,True,22,2
L-12340,True,True,105,1
L-12341,False,False,89,6
L-12342,True,False,48,6
L-12343,True,True,15,1
L-12344,True,True,18,9
L-12345,True,False,77,9
L-12346,True,True,9,3
L-12347,False,False,85,2
L-12348,True,True,57,5
L-12349,True,True,80,4
L-12350,False,False,35,3
L-12351,False,False,14,8
L-12352,True,True,96,11
L-12353,True,True,98,3
L-12354,False,False,7,1
L-12355,False,False,50,1
L-12356,False,False,39,11
L-12357,False,False,9,4
L-12358,True,True,8,1
L-12359,False,False,21,4
L-12360,False,False,29,9
L-12361,False,False,3,4
L-12362,True,False,42,6
L-12363,False,False,48,3
L-12364,True,True,2,4
L-12365,True,True,28,4
L-12366,True,True,13,7
L-12367,True,True,42,9
L-12368,False,False,10,8
L-12369,True,True,9,9
L-12370,False,False,114,7
L-12371,False,False,43,8
L-12372,True,True,18,4
L-12373,False,False,77,3
L-12374,True,True,7,10
L-12375,False,False,22,3
L-12376,False,False,9,4
L-12377,False,False,23,3
L-12378,False,False,13,7
L-12379,False,False,35,6
L-12380,False,False,22,3
L-12381,False,False,97,7
L-12382,False,False,23,3
L-12383,False,False,36,11
L-12384,False,False,44,8
L-12385,True,False,41,2
L-12386,False,False,13,4
L-12387,True,True,40,11
L-12388,False,False,210,2
L-12389,False,False,19,10
L-12390,False,False,32,11
L-12391,True,True,2,4
L-12392,False,False,25,4
L-12393,False,False,33,4
L-12394,True,True,38,1
L-12395,True,False,123,9
L-12396,False,False,13,8
L-12397,False,False,27,1
L-12398,True,False,8,11
L-12399,False,False,52,8
L-12400,False,False,13,5
L-12401,False,False,65,11
L-12402,False,False,50,5
L-12403,False,False,10,8
L-12404,False,False,30,8
L-12405,True,True,113,8
L-12406,False,False,27,3
L-12407,True,True,2,9
L-12408,False,False,2,11
L-12409,False,False,13,8
L-12410,False,False,21,1
L-12411,False,False,99,5
L-12412,True,False,88,9
L-12413,True,True,140,6
L-12414,False,False,24,11
L-12415,False,False,158,7
L-12416,False,False,6,4
L-12417,True,True,74,2
L-12418,True,False,51,11
L-12419,False,False,25,4
L-12420,False,False,5,5
L-12421,True,True,21,5
L-12422,False,False,7,11
L-12423,False,False,63,4
L-12424,False,False,26,5
L-12425,True,True,8,8
L-12426,True,False,34,11
L-12427,False,False,14,11
L-12428,False,False,1,5
L-12429,False,False,13,11
L-12430,True,True,47,11
L-12431,True,True,134,2
L-12432,True,False,16,2
L-12433,False,False,31,8
L-12434,False,False,10,9
L-12435,False,False,1,5
L-12436,False,False,31,3
L-12437,True,False,11,8
L-12438,False,False,95,3
L-12439,False,False,0,11
L-12440,False,False,9,1
L-12441,True,False,45,4
L-12442,True,True,2,3
L-12443,True,True,157,4
L-12444,False,False,22,2
L-12445,False,False,3,5
L-12446,False,False,62,2
L-12447,False,False,5,3
L-12448,False,False,23,1
L-12449,False,False,115,1
L-12450,True,True,1,6
L-12451,True,True,17,8
L-12452,True,False,73,8
L-12453,True,False,91,7
L-12454,False,False,6,10
L-12455,False,False,24,4
L-12456,False,False,1,11
L-12457,False,False,37,8
L-12458,True,False,14,7
L-12459,True,True,81,8
L-12460,False,False,4,10
L-12461,False,False,23,4
L-12462,False,False,75,9
L-12463,False,False,12,1
L-12464,True,True,26,2
L-12465,True,False,37,3
L-12466,False,False,51,10
L-12467,False,False,67,7
L-12468,False,False,13,3
L-12469,True,True,74,5
L-12470,False,False,61,11
L-12471,False,False,4,6
L-12472,True,True,43,11
L-12473,True,True,20,7
L-12474,False,False,60,2
L-12475,False,False,56,10
L-12476,False,False,17,2
L-12477,False,False,23,7
L-12478,True,True,66,5
L-12479,True,True,1,6
L-12480,False,False,82,3
L-12481,False,False,6,2
L-12482,True,True,20,4
L-12483,True,False,77,3
L-12484,True,False,57,4
L-12485,False,False,24,7
L-12486,True,True,15,7
L-12487,True,True,14,4
L-12488,False,False,10,11
L-12489,False,False,32,2
L-12490,True,True,83,8
L-12491,False,False,54,6
L-12492,True,True,105,1
L-12493,False,False,7,8
L-12494,False,False,3,2
L-12495,True,False,22,11
L-12496,False,False,29,4
L-12497,False,False,38,5
L-12498,False,False,29,6
L-12499,False,False,49,11
L-12500,False,False,16,9
L-12501,False,False,155,6
L-12502,True,False,4,10
L-12503,True,True,1,7
L-12504,True,True,110,6
L-12505,True,False,67,3
L-12506,True,True,79,2
L-12507,False,False,15,3
L-12508,False,False,132,11
L-12509,True,True,138,11
L-12510,False,False,7,8
L-12511,True,True,62,4
L-12512,False,False,34,4
L-12513,False,False,27,9
L-12514,False,False,98,1
L-12515,True,False,17,3
L-12516,True,True,14,2
L-12517,False,False,9,6
L-12518,False,False,18,10
L-12519,True,True,44,5
L-12520,True,True,50,9
L-12521,False,False,0,4
L-12522,False,False,42,1
L-12523,False,False,7,10
L-12524,False,False,19,9
L-12525,True,False,147,8
L-12526,True,False,6,6
L-12527,False,False,17,7
L-12528,False,False,17,6
L-12529,True,True,13,5
L-12530,True,True,85,8
L-12531,False,False,52,1
L-12532,True,False,82,3
L-12533,True,True,4,9
L-12534,False,False,8,3
L-12535,False,False,22,1
L-12536,True,True,5,11
L-12537,False,False,20,11
L-12538,True,True,93,3
L-12539,False,False,1,6
L-12540,True,True,115,8
L-12541,True,True,153,11
L-12542,False,False,8,11
L-12543,False,False,1,11
L-12544,False,False,5,10
L-12545,True,True,64,5
L-12546,False,False,36,8
L-12547,False,False,6,5
L-12548,True,True,22,2
L-12549,False,False,2,8
L-12550,True,False,63,9
L-12551,False,False,1,6
L-12552,True,False,95,8
L-12553,False,False,23,6
L-12554,True,False,80,6
L-12555,True,False,2,8
L-12556,False,False,18,5
L-12557,True,False,38,1
L-12558,False,False,24,7
L-12559,False,False,12,6
L-12560,False,False,119,3
L-12561,False,False,57,5
L-12562,False,False,32,11
L-12563,True,False,8,3
L-12564,True,True,8,3
L-12565,False,False,39,3
L-12566,True,True,270,7
L-12567,False,False,40,7
L-12568,False,False,159,8
L-12569,False,False,17,5
L-12570,False,False,36,5
L-12571,False,False,11,4
L-12572,True,True,22,5
L-12573,False,False,74,6
L-12574,True,False,80,10
L-12575,False,False,56,3
L-12576,False,False,78,7
L-12577,False,False,42,4
L-12578,False,False,47,5
L-12579,True,False,126,7
L-12580,True,True,9,4
L-12581,False,False,32,2
L-12582,False,False,31,11
L-12583,False,False,32,2
L-12584,True,True,18,5
L-12585,True,True,49,11
L-12586,False,False,9,2
L-12587,False,False,13,8
L-12588,False,False,22,3
L-12589,True,True,2,4
L-12590,True,False,7,2
L-12591,True,True,90,4
L-12592,True,True,92,10
L-12593,False,False,24,7
L-12594,True,True,69,5
L-12595,False,False,23,8
L-12596,True,True,78,11
L-12597,True,False,92,4
L-12598,False,False,50,8
L-12599,True,False,74,3
L-12600,False,False,61,1
L-12601,False,False,9,1
L-12602,False,False,51,8
L-12603,False,False,29,3
L-12604,False,False,26,9
L-12605,False,False,26,10
L-12606,False,False,49,9
L-12607,True,True,96,5
L-12608,False,False,15,11
L-12609,True,True,8,5
L-12610,True,True,18,10
L-12611,False,False,38,9
L-12612,False,False,124,1
L-12613,False,False,5,5
L-12614,False,False,87,5
L-12615,False,False,51,10
L-12616,False,False,8,10
L-12617,True,False,84,3
L-12618,False,False,13,11
L-12619,True,True,8,4
L-12620,True,False,83,8
L-12621,False,False,54,2
L-12622,False,False,43,8
L-12623,False,False,15,7
L-12624,True,True,34,11
L-12625,False,False,47,1
L-12626,False,False,64,9
L-12627,True,True,32,1
L-12628,False,False,54,8
L-12629,False,False,76,4
L-12630,True,True,19,8
L-12631,True,False,1,2
L-12632,True,True,14,3
L-12633,True,True,158,9
L-12634,False,False,178,8
L-12635,True,False,9,1
L-12636,True,True,16,10
L-12637,True,False,22,3
L-12638,False,False,0,2
L-12639,False,False,178,3
L-12640,False,False,9,6
L-12641,False,False,30,6
L-12642,False,False,92,3
L-12643,True,True,42,2
L-12644,False,False,2,11
L-12645,True,True,67,11
L-12646,True,True,29,1
L-12647,True,True,86,6
L-12648,False,False,5,6
L-12649,False,False,16,2
L-12650,True,False,15,1
L-12651,False,False,27,6
L-12652,True,True,53,4
L-12653,True,True,33,2
L-12654,False,False,12,10
L-12655,False,False,38,5
L-12656,False,False,9,11
L-12657,True,True,27,1
L-12658,False,False,36,3
L-12659,True,False,4,2
L-12660,True,True,83,9
L-12661,False,False,60,7
L-12662,True,True,26,1
L-12663,False,False,3,9
L-12664,False,False,36,9
L-12665,False,False,12,1
L-12666,False,False,47,8
L-12667,True,True,6,7
L-12668,False,False,20,11
L-12669,True,True,22,2
L-12670,False,False,5,9
L-12671,False,False,75,9
L-12672,False,False,87,9
L-12673,False,False,28,6
L-12674,True,True,8,7
L-12675,False,False,0,1
L-12676,True,True,15,1
L-12677,True,True,15,11
L-12678,True,True,3,10
L-12679,True,True,62,5
L-12680,True,True,1,6
L-12681,True,True,9,6
L-12682,False,False,5,2
L-12683,True,True,24,5
L-12684,False,False,76,4
L-12685,False,False,23,4
L-12686,False,False,3,3
L-12687,True,False,34,7
L-12688,True,True,7,8
L-12689,False,False,28,9
L-12690,False,False,7,9
L-12691,True,True,95,3
L-12692,True,False,48,1
L-12693,True,False,7,8
L-12694,False,False,18,9
L-12695,False,False,55,9
L-12696,False,False,202,8
L-12697,False,False,100,6
L-12698,False,False,3,9
L-12699,False,False,10,11
L-12700,False,False,45,11
L-12701,False,False,42,9
L-12702,True,True,13,4
L-12703,False,False,69,7
L-12704,False,False,19,5
L-12705,False,False,25,2
L-12706,True,False,28,7
L-12707,False,False,85,10
L-12708,False,False,34,5
L-12709,True,False,17,11
L-12710,False,False,54,7
L-12711,True,False,43,10
L-12712,False,False,144,9
L-12713,False,False,65,8
L-12714,True,True,117,6
L-12715,False,False,6,6
L-12716,False,False,41,1
L-12717,False,False,9,3
L-12718,True,True,95,10
L-12719,True,False,24,3
L-12720,False,False,56,6
L-12721,True,True,6,1
L-12722,True,True,21,5
L-12723,True,False,2,7
L-12724,False,False,5,5
L-12725,False,False,25,1
L-12726,False,False,28,9
L-12727,True,False,7,9
L-12728,True,False,24,5
L-12729,False,False,38,5
L-12730,True,False,75,7
L-12731,True,True,8,9
L-12732,True,True,51,1
L-12733,False,False,17,1
L-12734,False,False,39,2
L-12735,False,False,8,1
L-12736,False,False,0,9
L-12737,False,False,16,6
L-12738,True,False,158,10
L-12739,False,False,1,7
L-12740,False,False,19,1
L-12741,True,True,13,4
L-12742,False,False,0,4
L-12743,True,True,19,5
L-12744,True,True,4,6
L-12745,False,False,21,7
L-12746,True,True,7,1
L-12747,True,True,4,10
L-12748,False,False,17,8
L-12749,False,False,16,1
L-12750,True,True,221,5
L-12751,True,True,59,10
L-12752,True,True,72,10
L-12753,True,False,26,8
L-12754,True,False,47,1
L-12755,True,True,49,5
L-12756,True,True,14,4
L-12757,False,False,46,6
L-12758,False,False,19,7
L-12759,False,False,28,2
L-12760,True,False,23,1
L-12761,True,True,16,9
L-12762,False,False,24,9
L-12763,True,True,59,9
L-12764,True,False,40,11
L-12765,False,False,73,2
L-12766,False,False,6,11
L-12767,True,True,13,1
L-12768,False,False,13,10
L-12769,False,False,6,8
L-12770,False,False,41,5
L-12771,True,True,3,11
L-12772,False,False,40,11
L-12773,True,False,1,3
L-12774,False,False,42,7
L-12775,True,False,10,4
L-12776,True,True,88,1
L-12777,True,True,59,6
L-12778,True,True,27,3
L-12779,True,True,60,10
L-12780,False,False,29,5
L-12781,True,True,31,11
L-12782,True,True,21,1
L-12783,True,False,29,1
L-12784,True,True,0,10
L-12785,True,True,4,11
L-12786,True,True,15,4
L-12787,True,True,28,7
L-12788,False,False,45,6
L-12789,True,True,4,8
L-12790,True,True,141,6
L-12791,False,False,6,3
L-12792,False,False,89,8
L-12793,False,False,10,2
L-12794,False,False,17,9
L-12795,False,False,49,9
L-12796,True,True,15,11
L-12797,False,False,7,3
L-12798,False,False,122,1
L-12799,True,False,15,9
L-12800,False,False,176,8
L-12801,True,True,4,3
L-12802,False,False,31,1
L-12803,False,False,24,10
L-12804,False,False,25,11
L-12805,False,False,54,1
L-12806,False,False,84,6
L-12807,False,False,40,5
L-12808,True,True,160,5
L-12809,False,False,31,2
L-12810,False,False,45,9
L-12811,False,False,21,1
L-12812,False,False,74,8
L-12813,False,False,21,5
L-12814,False,False,38,9
L-12815,False,False,47,3
L-12816,False,False,8,5
L-12817,True,True,50,6
L-12818,True,True,97,9
L-12819,True,False,37,7
L-12820,False,False,23,3
L-12821,True,True,66,7
L-12822,False,False,4,7
L-12823,False,False,70,10
L-12824,True,False,258,3
L-12825,True,False,262,11
L-12826,True,False,6,4
L-12827,False,False,0,2
L-12828,True,True,34,5
L-12829,True,False,38,8
L-12830,True,True,73,10
L-12831,False,False,12,10
L-12832,True,True,32,5
L-12833,True,False,113,2
L-12834,True,True,56,10
L-12835,False,False,93,5
L-12836,False,False,90,2
L-12837,False,False,11,2
L-12838,False,False,31,2
L-12839,False,False,17,6
L-12840,False,False,15,1
L-12841,False,False,109,1
L-12842,True,True,18,3
L-12843,True,True,99,1
L-12844,False,False,22,10
L-12845,True,True,33,2
L-12846,True,True,90,5
L-12847,False,False,30,6
L-12848,True,True,16,1
L-12849,False,False,19,8
L-12850,False,False,38,1
L-12851,False,False,48,2
L-12852,False,False,93,11
L-12853,False,False,27,9
L-12854,False,False,7,10
L-12855,False,False,10,3
L-12856,False,False,58,7
L-12857,False,False,22,2
L-12858,False,False,100,3
L-12859,False,False,21,11
L-12860,False,False,59,4
L-12861,False,False,16,11
L-12862,False,False,31,11
L-12863,True,True,0,3
L-12864,False,False,4,3
L-12865,True,False,139,2
L-12866,False,False,7,7
L-12867,False,False,62,2
L-12868,True,False,19,6
L-12869,False,False,87,7
L-12870,True,True,9,8
L-12871,False,False,10,11
L-12872,True,False,10,4
L-12873,True,True,32,2
L-12874,True,True,36,5
L-12875,False,False,45,11
L-12876,True,True,87,7
L-12877,False,False,21,4
L-12878,False,False,57,8
L-12879,False,False,6,3
L-12880,False,False,22,5
L-12881,True,False,99,10
L-12882,False,False,47,11
L-12883,False,False,72,6
L-12884,False,False,62,7
L-12885,False,False,43,11
L-12886,True,False,65,4
L-12887,False,False,33,3
L-12888,True,True,52,1
L-12889,True,True,33,11
L-12890,True,True,21,11
L-12891,True,False,46,6
L-12892,True,False,47,1
L-12893,False,False,74,8
L-12894,True,True,23,3
L-12895,False,False,69,8
L-12896,True,True,21,1
L-12897,False,False,45,11
L-12898,True,False,44,4
L-12899,True,True,32,5
L-12900,True,True,55,5
L-12901,False,False,29,9
L-12902,True,True,0,11
L-12903,False,False,31,9
L-12904,True,True,12,11
L-12905,True,True,45,9
L-12906,False,False,11,6
L-12907,True,True,11,10
L-12908,True,True,22,8
L-12909,True,False,180,11
L-12910,False,False,22,1
L-12911,False,False,55,2
L-12912,True,True,1,8
L-12913,True,True,0,4
L-12914,True,True,8,10
L-12915,False,False,98,10
L-12916,True,True,277,8
L-12917,False,False,78,8
L-12918,False,False,25,2
L-12919,True,True,113,8
L-12920,True,True,77,11
L-12921,False,False,1,11
L-12922,True,True,14,1
L-12923,True,False,24,7
L-12924,False,False,22,2
L-12925,True,False,6,2
L-12926,False,False,21,9
L-12927,False,False,49,1
L-12928,False,False,97,2
L-12929,False,False,14,1
L-12930,False,False,32,7
L-12931,False,False,31,11
L-12932,False,False,5,3
L-12933,False,False,0,3
L-12934,False,False,109,5
L-12935,True,True,94,7
L-12936,False,False,67,2
L-12937,False,False,4,2
L-12938,True,True,26,7
L-12939,False,False,51,1
L-12940,True,True,85,11
L-12941,False,False,6,5
L-12942,True,False,197,1
L-12943,False,False,45,5
L-12944,False,False,11,7
L-12945,False,False,57,2
L-12946,False,False,16,2
L-12947,True,True,41,6
L-12948,False,False,0,3
L-12949,False,False,97,5
L-12950,True,True,43,4
L-12951,False,False,1,1
L-12952,False,False,31,5
L-12953,True,True,58,9
L-12954,True,True,8,3
L-12955,True,True,3,6
L-12956,False,False,113,2
L-12957,False,False,59,8
L-12958,True,True,72,1
L-12959,False,False,41,9
L-12960,True,False,100,5
L-12961,True,True,12,1
L-12962,False,False,45,8
L-12963,True,False,26,9
L-12964,False,False,14,4
L-12965,True,False,1,5
L-12966,False,False,12,5
L-12967,True,True,161,10
L-12968,False,False,2,4
L-12969,True,False,132,8
L-12970,True,True,80,6
L-12971,True,True,119,1
L-12972,True,False,29,10
L-12973,False,False,68,6
L-12974,True,False,12,1
L-12975,False,False,13,8
L-12976,True,False,27,5
L-12977,False,False,10,3
L-12978,True,True,125,5
L-12979,True,True,111,7
L-12980,True,True,6,4
L-12981,True,False,124,6
L-12982,False,False,15,1
L-12983,False,False,65,10
L-12984,True,True,3,4
L-12985,False,False,0,5
L-12986,False,False,28,3
L-12987,True,True,7,10
L-12988,False,False,79,6
L-12989,True,True,85,5
L-12990,False,False,40,7
L-12991,False,False,1,10
L-12992,True,False,70,1
L-12993,True,True,30,10
L-12994,True,False,95,8
L-12995,True,True,13,11
L-12996,True,True,2,3
L-12997,True,True,7,4
L-12998,False,False,37,7
L-12999,False,False,1,2
